{"IcoMoonType":"selection","icons":[{"icon":{"paths":["M0 0h256v256h-256zM384 64h640v128h-640zM0 384h256v256h-256zM384 448h640v128h-640zM0 768h256v256h-256zM384 832h640v128h-640z"],"tags":["list","todo","bullet","menu","options"],"defaultCode":59834,"grid":16,"attrs":[]},"attrs":[],"properties":{"ligatures":"list, todo","name":"list","order":2,"id":187,"prevSize":32,"code":59834},"setIdx":0,"setId":1,"iconIdx":186}],"height":1024,"metadata":{"name":"icomoon"},"preferences":{"showGlyphs":true,"showQuickUse":true,"showQuickUse2":true,"showSVGs":true,"fontPref":{"prefix":"icon-","metadata":{"fontFamily":"icomoon"},"metrics":{"emSize":1024,"baseline":6.25,"whitespace":50},"embed":false},"imagePref":{"prefix":"icon-","png":true,"useClassSelector":true,"color":0,"bgColor":16777215,"classSelector":".icon"},"historySize":50,"showCodes":true,"gridSize":16}}